,name,price,review_count,rating,barrio,address
0,Victoria Brown,$$,175,4.0,Palermo,"Costa Rica 4821, C1414BSM Buenos Aires, Argentina"
1,La Alacena,$$,60,4.0,Palermo,"Gascón 1401, C1181 Buenos Aires, Argentina"
2,Café Crespín,$$,111,4.0,Villa Crespo,"Vera 699, 1414 Buenos Aires, Argentina"
3,Home Bar & Restaurant,$$$,32,4.5,Palermo,"Honduras 5860, Buenos Aires, Argentina"
4,L’Orangerie,$$$,16,5.0,Recoleta,"Av. Alvear 1891, 1129 Buenos Aires, Argentina"
5,Birkin,$$$,9,4.5,Palermo,"Nicaragua 6025, C1414 Buenos Aires, Argentina"
6,Cocu,$$,95,4.0,Palermo,"Malabia 1510, C1414DMF Buenos Aires, Argentina"
7,Cafe Blue’s,$$,2,5.0,Recoleta,"Arenales 2932, C1425 Buenos Aires, Argentina"
8,Brandon,$$$,83,4.0,Palermo,"Fitz Roy 1722, C1414 Buenos Aires, Argentina"
9,Malvón,$$,119,3.5,Villa Crespo,"Serrano 789, C1425DEO Buenos Aires, Argentina"
10,Adorado,$$,39,4.0,Palermo,"Nicaragua 5856, 1414 Buenos Aires, Argentina"
11,Méli Mélo,$$,19,4.5,Belgrano,"Av. del Libertador 5990, C1428ARP Buenos Aires, Argentina"
12,Croque Madame,$$,53,4.0,Belgrano,"Vuelta de Obligado 2155, 1428 Buenos Aires, Argentina"
13,Farinelli,$$,29,4.0,Retiro,"Arroyo 900, Buenos Aires, Argentina"
14,Harturo,$$$,15,4.0,Recoleta,"Vicente Lopez 1662, C1018 Buenos Aires, Argentina"
15,Ninina,$$,200,3.5,Palermo,"Gorriti 4738, 1414 Buenos Aires, Argentina"
16,Panachef,$$,34,4.5,Recoleta,"Sánchez de Bustamante 1470, C1425 Buenos Aires, Argentina"
17,Tipo Siete,$$,28,4.0,Palermo,"Armenia 1315, C1414DKC Buenos Aires, Argentina"
18,La Trufa,$$,22,4.0,Colegiales,"Av. Álvarez Thomas 869, 1426 Buenos Aires, Argentina"
19,Ol’days,$$,32,4.0,Puerto Madero,"Olga Cossettini 1182, 1107 Buenos Aires, Argentina"
20,Bacan,$$$,17,4.0,San Telmo,"Av. Caseros 402, Buenos Aires, Argentina"
21,Usina Cafetera,$$,70,4.0,Villa Urquiza,"Av. Triunvirato 4307, 1431 Buenos Aires, Argentina"
22,Farinelli,$$,15,4.0,Palermo,"Bulnes 2707, Buenos Aires, Argentina"
23,Croque Madame,$$,5,4.0,Recoleta,"Agüero 1586, C1425 Buenos Aires, Argentina"
24,Vive Café,$,9,4.5,Palermo,"Costa Rica 5722, C1414BTH Buenos Aires, Argentina"
25,Croque Madame,$$,40,4.0,Palermo,"Av. del Libertador 1902, 1425 Buenos Aires, Argentina"
26,Gretelmanía,$$$,1,5.0,Nuñez,"Nuñez 2880, Buenos Aires, Argentina"
27,Bacan,$$,17,4.0,San Telmo,"Av. Caseros 402, Buenos Aires, Argentina"
28,Usina Cafetera,$$,70,4.0,Villa Urquiza,"Av. Triunvirato 4307, 1431 Buenos Aires, Argentina"
29,Farinelli,$$,15,4.0,Palermo,"Bulnes 2707, Buenos Aires, Argentina"
30,Croque Madame,$,5,4.0,Recoleta,"Agüero 1586, C1425 Buenos Aires, Argentina"
31,Vive Café,$$,9,4.5,Palermo,"Costa Rica 5722, C1414BTH Buenos Aires, Argentina"
32,Croque Madame,,40,4.0,Palermo,"Av. del Libertador 1902, 1425 Buenos Aires, Argentina"
33,Gretelmanía,$$,1,5.0,Nuñez,"Nuñez 2880, Buenos Aires, Argentina"
34,La Marguerite,$$,34,4.0,Belgrano,"11 de Septiembre 2620, Buenos Aires, Argentina"
35,Be Juice,$$,38,4.0,Recoleta,"Barrientos 1586, Buenos Aires, Argentina"
36,Salvaje Bakery,$$$,10,4.0,Palermo,"Av. Dorrego 1829, Buenos Aires, Argentina"
37,Fierro Hotel,$$,20,4.5,Palermo,"Soler 5862, 1425 Buenos Aires, Argentina"
38,Memè Mimí,$$,9,4.0,Recoleta,"Arenales 2984, C1425 Buenos Aires, Argentina"
39,Datri,$$,24,4.0,Retiro,"Paraguay 901, C1057AAM Buenos Aires, Argentina"
40,Molly’s,$$,6,3.5,Caballito,"Riglos 299, C1424AFE Buenos Aires, Argentina"
41,Naranjo & Flor,$$,6,4.0,Almagro,"Bulnes 797, 1181 Buenos Aires, Argentina"
42,Loreto Garden Bar,$$,34,4.0,Colegiales,"Virrey Loreto 2912, 1426 Buenos Aires, Argentina"
43,Bblue Deli & Natural Bar,$$,30,4.0,Palermo,"Armenia 1692, C1414DKJ Buenos Aires, Argentina"
44,Monina,$$,10,4.0,Nuñez,"Av. Congreso 1701, 1429 Buenos Aires, Argentina"
45,Yauss Club,$$,48,4.0,San Telmo,"Estados Unidos 509, 1101 Buenos Aires, Argentina"
46,La Crespo,$$,63,4.5,Villa Crespo,"Thames 612, C1414DCN Buenos Aires, Argentina"
47,Delicious Café,$$,38,4.0,Recoleta,"Laprida 2015, 1425 Buenos Aires, Argentina"
48,Zidane,$$,11,3.5,Caballito,"Av. Pedro Goyena 51, C1424 Buenos Aires, Argentina"
49,Ohlala,$$$,6,4.0,Recoleta,"Azcuénaga 894, 1115 Buenos Aires, Argentina"
50,Martina,$$,14,4.0,Recoleta,"Agüero 1891, C1425EHO Buenos Aires, Argentina"
51,Restaurante Oui Oui,$$,51,3.5,Palermo,"Nicaragua 6068, 1414 Buenos Aires, Argentina"
52,La Panera Rosa,$$,124,3.5,Palermo,"Jorge Luís Borges 1685, C1414DGA Buenos Aires, Argentina"
53,Harper,$,20,4.0,Recoleta,"Av. Pueyrredón 1782, C1119ACN Buenos Aires, Argentina"
54,De los Frutos,$$,11,4.5,Retiro,"Av. del Libertador 256, Buenos Aires, Argentina"
55,Negro Mío,$$,3,4.0,San Nicolas,"Tucumán 775, C1049 Buenos Aires, Argentina"
56,Moöi,$$$,102,3.5,Belgrano,"Cuba 1985, 1428 Buenos Aires, Argentina"
57,Las Violetas,,70,4.0,Almagro,"Av. Rivadavia 3899, C1204AAD Buenos Aires, Argentina"
58,Cafferia,$$$,1,4.0,Montecastro,"Mercedes 1800, C1407AIH Buenos Aires, Argentina"
59,Hierbabuena,$,54,4.0,Barracas,"Caseros 454, C1152AAN Buenos Aires, Argentina"
60,Terrazas,$$,1,4.0,San Telmo,"Defensa 899, C1065AAO Buenos Aires, Argentina"
61,Tilo,$$,7,4.0,Recoleta,"Billinghurst 2099, C1425 Buenos Aires, Argentina"
62,Le Pain Quotidien,$$,42,4.0,Recoleta,"Posadas 1402, C1011ABJ Buenos Aires, Argentina"
63,Mazzo,$$,29,3.5,Villa Crespo,"Gurruchaga 707, 1414 Buenos Aires, Argentina"
64,El Bohemio,$$$$,11,4.0,Villa Urquiza,"Donado 1802, C1430DRJ Buenos Aires, Argentina"
65,UCO,$$,39,4.0,Palermo,"Soler 5862, Buenos Aires, Argentina"
66,Dandy,$$,29,4.0,Retiro,"Av. Santa Fe 801, 1059 Buenos Aires, Argentina"
67,Yeite Cafe,$$,24,4.0,Villa Crespo,"Humboldt 293, Buenos Aires, Argentina"
68,Tedeatres,$$,30,4.0,Saavedra,"Av. Crisólogo Larralde 3609, 1430 Buenos Aires, Argentina"
69,Crisol,$$,60,4.0,Colegiales,"Capitán Gral Ramón Freire 1502, C1426AWF Buenos Aires, Argentina"
70,Musetta Caffé,$$,31,4.0,Almagro,"Billinghurst 894, Buenos Aires, Argentina"
71,Crisol,$,6,4.0,Palermo,"Gorriti 5996, C1414BKL Buenos Aires, Argentina"
72,Catoti,$$,36,4.5,Belgrano,"Blanco Encalada 2457, 1428 Capital Federal, Argentina"
73,Susisú,$$,16,4.0,Palermo,"Av. Federico Lacroze 2254, 1426 Buenos Aires, Argentina"
74,Viva Victoria,$$,6,4.0,Palermo,"República Árabe Siria 2982, 1425 Buenos Aires, Argentina"
75,Le Pain Quotidien,$$,9,4.0,Puerto Madero,"Av. Alicia Moreau de Justo 254, C1107AAF Buenos Aires, Argentina"
76,Croque Madame,$$,5,4.5,Recoleta,"Av. Pueyrredón 2364, C1119 Buenos Aires, Argentina"
77,Deli Club,$$$,9,4.5,,"Emilio Lamarca 391, 1640 Buenos Aires, Argentina"
78,Mamma Shule,$$$,3,4.5,Belgrano,"Soldado de la independencia 1486, C1426 Buenos Aires, Argentina"
79,Bengal Deli,,5,4.0,Palermo,"Cabello 3700, Buenos Aires, Argentina"
80,Bar Sophia,$$$,1,5.0,San Nicolas,"Tucumán 1714, C1050 Buenos Aires, Argentina"
81,Voulez Bar,,27,4.0,Palermo,"Cerviño 3802, 1425 Buenos Aires, Argentina"
82,Jay’s,$$,3,4.5,Recoleta,"Antonio Beruti 2640, C1425 Recoleta, Argentina"
83,Estilo Mision,$$,13,4.0,Villa Urquiza,"Mendoza 5100, C1431CIL Buenos Aires, Argentina"
84,Bloom,$$,1,4.0,Palermo,"Baez 401, C1426 Buenos Aires, Argentina"
85,Coco Café,$$,28,3.5,Palermo,"Cabello 3794, C1425APP Buenos Aires, Argentina"
86,Alice’s Tea House,$$,18,3.5,San Telmo,"Carlos Calvo 372, C1102AAH Buenos Aires, Argentina"
87,Don- Pastelería & Deli,$$,24,3.5,Villa Crespo,"Vera 601, C1414BGQ Buenos Aires, Argentina"
88,Jacinta Coffee & Resto Bar,$$,3,3.5,Villa Del Parque,"Melincué 3101, C1417 Buenos Aires, Argentina"
89,Tea Connection,$$,32,3.5,Belgrano,"Vuelta de Obligado 2255, C1428 Buenos Aires, Argentina"
90,Dolcezza,,1,3.0,Flores,"Av. Directorio 1994, C1406 Buenos Aires, Argentina"
91,Pani,$$,95,3.5,Palermo,"Nicaragua 6044, C1414BWN Buenos Aires, Argentina"
92,Le Pain Quotidien,$$,55,4.0,Belgrano,"Mariscal Antonio José Sucre 2151, C1428DVK Buenos Aires, Argentina"
93,Lumio,$$,26,4.0,San Telmo,"Carlos Calvo 498, Buenos Aires, Argentina"
94,Bien de Bien Café + Bistro,$$,21,4.0,Villa Pueyrredon,"Helguera 4102, C1419CUD Buenos Aires, Argentina"
95,Aurelio,$$,2,3.5,Villa Ortuzar,"Av. de los Incas 3902, Buenos Aires, Argentina"
96,La Lechería,$$,4,3.5,San Nicolas,"San Martin 70, C1004AAB Buenos Aires, Argentina"
97,Eleven Resto-Bar,,1,4.0,Balvanera,"Paso 415, C1031 Buenos Aires, Argentina"
98,La Blonde,$,3,4.0,Caballito,"Av. Dr. Honorio Pueyrredon 724, C1405 Buenos Aires, Argentina"
99,Le Blé,$$,42,3.5,Caballito,"Otamendi 500, C1405BRH Buenos Aires, Argentina"
100,La Waffleria,$$,16,3.5,Villa Devoto,"Mercedes 3948, 1419 Buenos Aires, Argentina"
101,Kafa And Deli,$$$,3,4.5,Palermo,"Av. del Libertador 5100, 1426 Buenos Aires, Argentina"
102,Coco Café,$$,11,4.0,Palermo,"Demaría 4615, 1425 Buenos Aires, Argentina"
103,Dandy,$$$,24,3.5,Belgrano,"Mariscal Antonio José de Sucre 602, 1428 Buenos Aires, Argentina"
104,The Shelter Coffee,$$,39,4.5,Retiro,"Arroyo 940, 1425 Buenos Aires, Argentina"
105,El 1800,$$,6,4.5,Balvanera,"Av. Rivadavia 1833, C1033AAI Buenos Aires, Argentina"
106,Titola,$$,20,4.5,Colegiales,"Zapiola 1499, 1426 Buenos Aires, Argentina"
107,Adela’s,$$,9,3.5,Villa Del Parque,"Cuenca 2775, C1417AAK Buenos Aires, Argentina"
108,Bar San Martin,$,2,4.0,Recoleta,"Paraguay 2301, C1121ABK Buenos Aires, Argentina"
109,Decata,$$,38,3.0,Palermo,"Honduras 6100, C1414BNN Buenos Aires, Argentina"
110,Tea Connection,$$,13,4.0,Palermo,"Sinclair 3027, 1425 Buenos Aires, Argentina"
111,Tiendas Naturales,$$,22,3.5,Palermo,"Cabello 3401, 1425 Buenos Aires, Argentina"
112,Elena Restaurante,$$$$,46,4.5,Retiro,"Posadas 1086, C1011ABB Buenos Aires, Argentina"
113,The Brick Kitchen,$$$,2,4.5,Retiro,"Posadas 1232, 1011 Buenos Aires, Argentina"
114,Caffega,,2,4.0,San Nicolas,"Av. Cordoba 906, 1054 Buenos Aires, Argentina"
115,Lolea,$$,4,3.5,San Nicolas,"Bartolomé Mitre 700, Buenos Aires, Argentina"
116,Möoi,$$$,29,3.5,Palermo,"Avenida Infanta Isabel 110, Buenos Aires, Argentina"
117,La Galette,$$,12,4.0,Retiro,"Marcelo T. de Alvear 801, C1058 Buenos Aires, Argentina"
118,Brioche Dorée,$$,5,4.0,Puerto Madero,"Olga Cossettini 200, 1107 Buenos Aires, Argentina"
119,Los Dos Chinos,$$,19,3.5,Recoleta,"Av. Callao 1025, C1023AAD Ciudad Autónoma de Buenos Aires, Argentina"
120,Sasha,$$,20,4.0,Recoleta,"Juncal 2110, 1125 Buenos Aires, Argentina"
121,Pepper,$$,1,3.0,Palermo,"Paraguay 3899, Buenos Aires, Argentina"
122,Caffé del Doge,,3,2.5,Villa Crespo,"Av. Estado de Israel 4841, C1185AAH Buenos Aires, Argentina"
123,Underground Espresso Bar,$$,11,4.0,Puerto Madero,"Olga Cossettini 1124, 1107 Buenos Aires, Argentina"
124,Rocío en Miami,,1,5.0,Monserrat,"Balcarce 284, C1064 Buenos Aires, Argentina"
125,Cafe Ba,$$,1,4.0,Palermo,"Gorostiaga 1908, C1426 Buenos Aires, Argentina"
126,La Bohème,$$,13,4.0,Palermo,"Gorriti 5796, 1414 Buenos Aires, Argentina"
127,Birkin Coffee + Bar,$$,58,3.5,Palermo,"República Árabe Siria 3061, 1425 Buenos Aires, Argentina"
128,La Posada de Maria,,1,3.0,Villa Ortuzar,"Fraga 1299, C1427BTY Buenos Aires, Argentina"
129,LAB,$$,146,4.5,Palermo,"Humboldt 1542, Buenos Aires, Argentina"
130,Suculentas,$$,10,4.0,Villa Ortuzar,"Heredia 499, Buenos Aires, Argentina"
131,90 Grados,$$,2,3.5,Colegiales,"Delgado 1208, 1426 Buenos Aires, Argentina"
132,Cucina Paradiso,$$$,16,4.0,Palermo,"Arévalo 1538, C1414CQF Buenos Aires, Argentina"
133,Tufic,$,4,5.0,Belgrano,"Vuelta de Obligado 2241, C1428 Buenos Aires, Argentina"
134,Josefina,,3,4.0,Caballito,"Otamendi 67, C1405BQA Buenos Aires, Argentina"
135,Old Brooklyn & Co.,,4,3.0,Villa Urquiza,"Olazábal 4511, Buenos Aires, Argentina"
136,Maru Botana,$$,33,4.0,Palermo,"11 de Septiembre 982, 1426 Buenos Aires, Argentina"
137,The King Coffee,$$,1,5.0,Palermo,"Humboldt 2414, C1425FUH Buenos Aires, Argentina"
138,YOI Bakery & Caffe,$$,1,3.0,Belgrano,"Mendoza 2209, C1428 Buenos Aires, Argentina"
139,Adaggio,$$,10,4.0,Villa Urquiza,"Av. Olazabal 5590, Buenos Aires, Argentina"
140,Oui Oui,$$,16,3.5,Palermo,"Nicaragua 6099, C1414 Buenos Aires, Argentina"
141,Le Pain Quotidien,$$,90,4.0,Palermo,"Armenia 1641, C1414 Buenos Aires, Argentina"
142,Le Pain Quotidien,$$,47,4.0,Palermo,"Jerónimo Salguero 3075, 1425 Buenos Aires, Argentina"
143,Pride Café,$$,20,4.0,San Telmo,"Balcarce 869, 1064 Buenos Aires, Argentina"
144,Club Sueco,$$$$,3,3.5,Monserrat,"Tacuarí 147, Buenos Aires, Argentina"
145,Full City Coffee House,$$,86,4.0,Palermo,"Thames 1535, 1414 Buenos Aires, Argentina"
146,Helena Resto Bar,$$,22,3.5,Palermo,"Nicaragua 4816, 1414 Buenos Aires, Argentina"
147,Impala del Parque,$$$,6,4.0,Parque Chacabuco,"Av. Eva Perón 1704, Buenos Aires, Argentina"
148,Tostado Café Club,$$,8,4.5,Retiro,"Av. Santa Fe 909, C1059ABD Buenos Aires, Argentina"
149,Impala del Parque,$$,1,3.0,Caballito,"Rosario 495, C1424 Buenos Aires, Argentina"
150,Tres Buenas,,1,4.0,Balvanera,"Ayacucho 580, Buenos Aires, Argentina"
151,Mom & Dad,,1,3.0,Palermo,"Soldado de la Independencia 799, C1426BTG Buenos Aires, Argentina"
152,Croque Madame,$$,10,3.5,Recoleta,"Avenida Callao 1569, C1024AAB Buenos Aires, Argentina"
153,Le Pain Quotidien,$$,14,3.5,Recoleta,"Vicente López 2050, Buenos Aires, Argentina"
154,Crisol,$$,5,4.0,Palermo,"Av. del Libertador 4984, C1426BWX Buenos Aires, Argentina"
155,Palermo Café,$$,2,4.0,Palermo,"Av. Santa Fe 4569, C1425 Buenos Aires, Argentina"
156,Café Martínez,,1,4.0,Flores,"Av. Carabobo 43, C1406DGA Buenos Aires, Argentina"
157,Pulpería Quilapán,$$,23,4.0,San Telmo,"Defensa 1344, C1143AAD Buenos Aires, Argentina"
158,Decata,$$,12,3.5,Palermo,"Soldado de la Independencia 670, 1426 Buenos Aires, Argentina"
159,Gaspar café,$$,3,4.5,Palermo,"José Antonio Cabrera 4725, C1414 Buenos Aires, Argentina"
160,Croque Madame,$$,5,4.0,Puerto Madero,"Olga Cossettini 141, 1107 Buenos Aires, Argentina"
161,Coffee Station,,1,5.0,Belgrano,"Av. Figueroa Alcorta 7597, Buenos Aires, Argentina"
162,El Chiri de Villa Crespo,$$,10,4.5,Villa Crespo,"Juan Ramirez de Velazco 806, 1414 Buenos Aires, Argentina"
163,Happening,$$$,18,4.0,Belgrano,"Av. Costanera Rafael Obligado 7030, C1428EIW Buenos Aires, Argentina"
164,Tostado Café Club,$$,90,4.0,Recoleta,"Av. Córdoba 1501, C1055AAF Buenos Aires, Argentina"
165,Le Blé,$$,42,3.5,Almagro,"Mario Bravo 908, Buenos Aires, Argentina"
166,Alicia,$$$,30,3.5,Villa Devoto,"Asunción 4102, C1419BGF Buenos Aires, Argentina"
167,Otero Cafe,$$,8,4.0,Caballito,"Guayaquil 389, C1424 Buenos Aires, Argentina"
168,Hay Café Café,$$,13,4.0,Nuñez,"Quesada 1515, C1429 Buenos Aires, Argentina"
169,Bonjour Paris,$$,30,4.0,Retiro,"Uruguay 1145, C1016ACC Buenos Aires, Argentina"
170,Casa Muamor,$$,20,3.0,Palermo,"Soler 4202, Buenos Aires, Argentina"
171,Jolie Bistró,$$,27,3.0,Belgrano,"Conde 2036, 1428 Buenos Aires, Argentina"
172,Punto Letra,,1,5.0,Palermo,"Gorriti 6046, C1414 Buenos Aires, Argentina"
173,Le Blé,$$,19,3.5,Belgrano,"Virrey Arredondo 2306, 1426 Buenos Aires, Argentina"
174,Adorado,$$,23,4.0,Palermo,"Honduras 5999, C1414 Buenos Aires, Argentina"
175,Shout Café & Espresso Bar,$,9,4.0,Retiro,"Maipú 979, C1006ACM Buenos Aires, Argentina"
176,Capriccio,$$,6,4.5,Palermo,"Av. Cabildo 1101, Buenos Aires, Argentina"
177,Café Martínez,,1,5.0,Monserrat,"Chacabuco 285, C1069 Buenos Aires, Argentina"
178,Madrilia,$$,4,4.0,Montecastro,"Alvarez Jonte 4702, C1407GPO Buenos Aires, Argentina"
179,Tea Connection,$$$,4,4.5,Caballito,"Av. José María Moreno 304, C1424 Buenos Aires, Argentina"
180,Le Blé,$$,28,4.0,Villa Devoto,"Fernández de Enciso 4370, Buenos Aires, Argentina"
181,Café Crespín,$$,16,3.5,,"Hipólito Yrigoyen 477, 1638 Vicente López, Argentina"
182,Convite,$$,6,4.0,Palermo,"Uriarte 2017, C1425 Buenos Aires, Argentina"
183,la Apasionada,$$$,14,4.5,,"Ayacucho 1383, Florida, Argentina"
184,Erminda,$$,2,3.5,Villa Del Parque,"Nogoyá 3500, C1417 Buenos Aires, Argentina"
185,Café Cortázar,$$,26,4.0,Palermo,"José Antonio Cabrera 3797, C1186 Buenos Aires, Argentina"
186,La Tolva,$,12,3.5,Recoleta,"Av. Còrdoba 3499, Buenos Aires, Argentina"
187,Basico,,1,3.0,Chacarita,"Maure 4061, Buenos Aires, Argentina"
188,Café Duarte,$,3,5.0,Retiro,"Marcelo T. de Alvear 981, C1058 Retiro, Argentina"
189,Cafeteria Territorio Bohemian,,1,5.0,,"Ituzaingó 1480, C1272 Buenos Aires, Argentina"
190,Pani,$$,169,3.5,Recoleta,"Vicente López 2056, C1128ACF Buenos Aires, Argentina"
191,De Linoire,$$,5,2.5,Palermo,"Cabello 3181, C1425 Buenos Aires, Argentina"
192,Oporto Almacén,$$$,51,4.0,Nuñez,"11 de Septiembre 4152, Buenos Aires, Argentina"
193,Lattente,$$,116,4.0,Palermo,"Thames 1891, C1414DDK Buenos Aires, Argentina"
194,Moka Deli,$$,8,4.0,Barracas,"Piedras 1998, C1140ABP Buenos Aires, Argentina"
195,Lidoro,$$,11,3.5,Belgrano,"Monroe 1499, 1428 Buenos Aires, Argentina"
196,Le Ble,$$,38,3.0,Caballito,"Valle 1101, 1406 Buenos Aires, Argentina"
197,Tra Panne,$,6,4.0,Balvanera,"Azcuénaga 783, 1029 Buenos Aires, Argentina"
198,Food Bar,,1,4.0,San Nicolas,"Esmeralda 337, C1035ABG Buenos Aires, Argentina"
199,Whoopies,$$,13,3.0,Recoleta,"Av. Cnel. Díaz 1497, C1425 Buenos Aires, Argentina"
200,Vita,$$,36,3.5,Palermo,"Costa Rica 4522, C1414BSH Buenos Aires, Argentina"
201,Dulce Charlotte,$$,14,3.5,Palermo,"Costa Rica 5610, C1414BTF Buenos Aires, Argentina"
202,Naná,$$,16,2.5,Palermo,"Av. del Libertador 3887, C1425 Buenos Aires, Argentina"
203,Biutiful,$$,22,3.0,Belgrano,"Cuba 1935, Buenos Aires, Argentina"
204,Besar es Obligado,$$,6,3.5,Nuñez,"Besares 2299, C1429DII Buenos Aires, Argentina"
205,Sintaxis,$$,35,4.0,Palermo,"Nicaragua 4849 Palermo, C1414BVK Buenos Aires, Argentina"
206,Fifí Almacén,$$,60,3.5,Palermo,"Gorriti 4812, C1414BJN Buenos Aires, Argentina"
207,Castillo,$$,2,3.0,Chacarita,"Castillo 1366, Buenos Aires, Argentina"
208,Establecimiento de Cafe,$$,3,3.0,Palermo,"Aráoz 2701, Buenos Aires, Argentina"
209,Ficatola,,8,3.5,Colegiales,"Zabala 2605, 1426 Buenos Aires, Argentina"
210,Hipocras,,0,0.0,Caballito,"Rosario 529, C1424 Buenos Aires, Argentina"
211,Ostara Ñoquería,,4,4.5,San Telmo,"Estados Unidos 739, C1101 Buenos Aires, Argentina"
212,Como En Casa,$$,24,4.0,Recoleta,"Riobamba 1239, 1116 Buenos Aires, Argentina"
213,Espiria,$$$,29,3.5,Retiro,"Montevideo 2124, S2000BSR Buenos Aires, Argentina"
214,Alaire Terrace Bar,$$,12,3.5,Palermo,"Gurruchaga 1509, 1414 Buenos Aires, Argentina"
215,Sans,$$,32,3.5,Palermo,"Serrano 1595, 1414 Buenos Aires, Argentina"
216,Artemisia Cocina Natural,$$,43,3.5,Palermo,"Costa Rica 5893, 1414 Buenos Aires, Argentina"
217,Negro,$,182,4.5,San Nicolas,"Suipacha 637, C1008AAM Buenos Aires, Argentina"
218,Tostado Café Club,$$,9,4.0,Belgrano,"Juramento 2103, C1428 Buenos Aires, Argentina"
219,Aldo’s,$$$,45,4.0,Monserrat,"Moreno 372, 1091 Buenos Aires, Argentina"
220,Florentina,$$,9,3.5,Palermo,"Soler 4501, C1425BXA Buenos Aires, Argentina"
221,Farinelli,$$,10,3.5,Palermo,"El Salvador 4761, C1414 Palmero, Argentina"
222,Le Blé,$$,19,3.5,Recoleta,"Av. Callao 1593, C1024AAB Buenos Aires, Argentina"
223,Betos,$$,3,3.5,Colegiales,"Av. El Cano 3055, Buenos Aires, Argentina"
224,Cake & Coffee Bar Boutique,$$,12,4.5,Villa Urquiza,"Dr. Pedro Ignacio Rivera 4992, C1431 Buenos Aires, Argentina"
225,Break ‘n Cake,$$,20,3.5,Belgrano,"Arribeños 2299, 1428 Buenos Aires, Argentina"
226,Piacere,$,4,4.0,Monserrat,"Lima 717, C1073 Buenos Aires, Argentina"
227,Porota,,5,3.5,Palermo,"Gorriti 5881, 1414 Buenos Aires, Argentina"
228,Croque Madame,$$,6,2.5,Palermo,"Av. Raúl Scalabrini Ortiz 3195, C1425DBM Buenos Aires, Argentina"
229,Café Martínez,$,5,4.5,Villa Devoto,"Fernández de Enciso 3985, 1419 Buenos Aires, Argentina"
230,Como En Casa,$$$,8,3.5,Recoleta,"Laprida 1782, 1425 Buenos Aires, Argentina"
231,Quimera Deli,$$,8,4.0,Palermo,"Humboldt 1981, 1414 Buenos Aires, Argentina"
232,Ramona Bakehouse,$$,6,4.5,,"Av. del Libertador 3980, B1637 La Lucila, Argentina"
233,Sofzoné,$$,3,2.5,Palermo,"serrano 1431, 1414 Buenos Aires, Argentina"
234,La Catalina,$$,6,3.5,Liniers,"Emilio Castro 7502, Buenos Aires, Argentina"
235,New Coffee,,2,3.0,Nuñez,"Av Cabildo 3102, C1429AAP Buenos Aires, Argentina"
236,Le Blé,,0,0.0,Palermo,"Av. del Libertador 3598, C1425 Buenos Aires, Argentina"
237,Möoi,,1,2.0,Recoleta,"Larrea 1541, C1117 Buenos Aires, Argentina"
238,Central Cook,$$,22,3.5,Palermo,"Federico Lacroze, Avenida 2300, Buenos Aires, Argentina"
239,Lobo Cafe,,4,3.0,Palermo,"Honduras 4730, C1414 Buenos Aires, Argentina"
240,Le Blé,$$$,11,3.5,San Telmo,"Carlos Calvo 601, C1102 Buenos Aires, Argentina"
241,Puro,$,5,3.0,San Nicolas,"Tucumán 630, C1049 Buenos Aires, Argentina"
242,La Barca,,1,3.0,Constitucion,"Dr. Enrique Finochietto 1625, 1433 Buenos Aires, Argentina"
243,La Panera Rosa,$$$,7,3.5,Palermo,"Gorostiaga 1614, C1426 Buenos Aires, Argentina"
244,Mark’s Deli and Coffee House,$$,42,3.5,Palermo,"El Salvador 4701, 1414 Buenos Aires, Argentina"
245,Le Blé,$$,23,3.5,Villa Crespo,"Acevedo 799, C1414 Buenos Aires, Argentina"
246,Tea Connection,$$,15,3.5,Recoleta,"Pres. José Evaristo Uriburu 1597, 1225 Buenos Aires, Argentina"
247,Bar du Marché,$$$,34,4.0,Palermo,"Nicaragua 6002, 1414 Buenos Aires, Argentina"
248,Coco Café,$$,1,3.0,Belgrano,"Juramento 2080, C1428DNH Buenos Aires, Argentina"
249,Restaurante Buenos Aires,,1,3.0,Villa Crespo,"Av. Raúl Scalabrini Ortiz 125, C1414 Buenos Aires, Argentina"
250,NH City Restaurant,$$$$,5,4.0,Monserrat,
251,Brunch,$$,3,3.0,,"Av. Maipú 1475, B1638ABB Vicente López, Argentina"
252,Almacén Oui Oui,$$,23,3.5,Palermo,"Nicaragua 6099, Buenos Aires, Argentina"
253,Canté Pri,,1,3.0,Palermo,"Charcas 5216, C1425BOH Buenos Aires, Argentina"
254,Flor de un día,,1,4.0,Palermo,"Cabello 3990, 1425 Buenos Aires, Argentina"
255,Tres80 Restobar Lounge,$$$,4,3.5,Almagro,"la Plata, Avenida 380, Buenos Aires, Argentina"
256,Lenacha,$$,6,3.5,Villa Crespo,"Av. Warnes 376, 1414 Buenos Aires, Argentina"
257,Schwartz & Berg,$$,26,3.5,Palermo,"Fitz Roy 1617, C1414 Buenos Aires, Argentina"
258,Chef Leon,$$,17,4.0,Belgrano,"Montañeses 2698, 1428 Buenos Aires, Argentina"
259,Grand Café,$$,15,4.0,Retiro,"Basavilvaso 1340, 1005 Buenos Aires, Argentina"
260,Ebro,$$,5,3.0,Monserrat,"Av. Entre Rios 390, C1079ABQ Buenos Aires, Argentina"
261,Muu Recoleta,$$$,3,1.5,Recoleta,"Vicente Lopez 2050, Buenos Aires, Argentina"
262,Jolie Bistro,$$,9,3.5,Villa Ortuzar,"Av. de los Incas 3802, C1427DNQ Buenos Aires, Argentina"
263,Café Rivas,$$$,26,3.5,San Telmo,"Estados Unidos 302, 1101 Buenos Aires, Argentina"
264,Bellagamba,$,21,3.5,Balvanera,"Av. Rivadavia 2183, 1034 Buenos Aires, Argentina"
265,Roldán,$$,1,5.0,Villa Urquiza,"Holmberg 3201, C1430DPM Buenos Aires, Argentina"
266,Green Eat,$$,29,4.0,Belgrano,"Av. Cabildo 1721, C1426ABE Buenos Aires, Argentina"
267,Santa Maria,$$,7,3.5,Belgrano,"Juramento 1905, C1428DNF Buenos Aires, Argentina"
268,Valenti,,4,4.5,Palermo,"Soldado de la Independencia 1185, 1426 Buenos Aires, Argentina"
269,Chipper,$$,55,4.0,Palermo,"Humboldt 1893, 1414 Buenos Aires, Argentina"
270,Origen Café,$$,13,3.5,San Telmo,"Humberto Primo 599, Buenos Aires, Argentina"
271,Ando Ganas,,1,3.0,Belgrano,"Olazabal 1422, C1428DGS Buenos Aires, Argentina"
272,Pani,$$,68,3.5,San Nicolas,"Viamonte 501, Buenos Aires, Argentina"
273,Café San Juan,$$$,33,4.5,San Telmo,"Chile 474, 1098 Buenos Aires, Argentina"
274,Tentaciones Mariana,,0,0.0,Villa Pueyrredon,"Terrada 4843, C1419 Buenos Aires, Argentina"
275,Meridiano 58,$$,16,3.0,Palermo,"Jorge L. Borges 1689, 1414 Buenos Aires, Argentina"
276,Mia Sabores Café,$$,7,3.5,Palermo,"Avenida Santa Fe 3942, 1425 Buenos Aires, Argentina"
277,Tienda de Café,$,2,3.5,Recoleta,"Uruguay 1014, C1016 Buenos Aires, Argentina"
278,Parva,$$,7,4.0,Recoleta,"Riobamba 909, C1116 Buenos Aires, Argentina"
279,Mill,$$,24,3.5,Villa Crespo,"Av. Raúl Scalabrini Ortiz 801, Buenos Aires, Argentina"
280,Felix Felicis & Co,$$,130,4.0,Palermo,"José Antonio Cabrera 5002, 1414 Buenos Aires, Argentina"
281,Le Pain Quotidien,$$,31,4.0,Palermo,
282,Cafe Paris,$,2,3.0,Monserrat,"Santiago del Estero 224, C1075 Buenos Aires, Argentina"
283,Le Blé,$$,44,3.5,Recoleta,"French 2999, C1425AWI Buenos Aires, Argentina"
284,Fiii Fun House,$$,9,2.5,Palermo,"Migueletes 681, 1426 Buenos Aires, Argentina"
285,Le Pain Quotidien,$$,21,3.5,Palermo,"Paraguay 4979, C1425 Buenos Aires, Argentina"
286,Green Eat,$$,50,4.0,Recoleta,"Av. Santa Fe 1661, C1060ABC Buenos Aires, Argentina"
287,Battuta Veloce,$$,12,4.0,Villa Crespo,"Loyola 788, C1414 Buenos Aires, Argentina"
288,The Orange Box,,1,3.0,Palermo,"Nicaragua 5701, 1414 Buenos Aires, Argentina"
289,Tea Connection,$$,12,4.0,Retiro,"Montevideo 1655, 1020 Buenos Aires, Argentina"
290,Luba Café,,2,3.0,Recoleta,"Ayacucho 1412, C1111 Buenos Aires, Argentina"
291,Café Vademecum,,1,3.0,Almagro,"Tte. Gral. Juan Domingo Perón 4155, C1199 Buenos Aires, Argentina"
292,Trixie,$$,27,3.0,Palermo,"Gorriti 5567, 1414 Buenos Aires, Argentina"
293,Café Debussy,,3,4.5,Recoleta,"Paraguay 1846, C1121ABB Buenos Aires, Argentina"
294,Le Ble,$$,20,4.0,Belgrano,"Ciudad de la Paz 2701, Buenos Aires, Argentina"
295,Sandwicheria Conde,$$,2,1.5,Monserrat,"Av. Pres. Julio A. Roca 602, C1067ABO Buenos Aires, Argentina"
296,Duarte,$$,345,4.0,Palermo,"Aráoz 1218, C1414CYK Buenos Aires, Argentina"
297,Las Medialunas del Abuelo,,1,3.0,Retiro,"San Martín 1141, C1004AAW Buenos Aires, Argentina"
298,Le Blé,$$,19,3.0,Villa Urquiza,"Mendoza 5305, 1431 Mendoza, Argentina"
299,All That Food,$$,2,2.0,Recoleta,"Marcelo T. de Alvear 1600, C1060AAD Buenos Aires, Argentina"
300,Rifka,,1,4.0,Palermo,"Bonpland 1367, 1414 Buenos Aires, Argentina"
301,Kansas Grill & Bar,$$$,103,4.0,Palermo,"Av. del Libertador 4625, 1426 Buenos Aires, Argentina"
302,Bartola Corner,$$,44,3.0,Palermo,"Gurruchaga 1795, 1414 Buenos Aires, Argentina"
303,El Figón de Bonilla,,1,3.0,San Nicolas,"Av. Leandro Alem 673, C1001AAB Buenos Aires, Argentina"
305,La Argentina,$$,13,4.0,Palermo,"Cabildo 1191, 1426 Buenos Aires, Argentina"
306,Manuela Malasaña,$$,17,3.5,Palermo,"Costa Rica 4818, 1414 Buenos Aires, Argentina"
307,Crepas,$$,55,3.5,Palermo,"Gurruchaga 1791, Buenos Aires, Argentina"
308,Marcel,$,2,4.0,Balvanera,"Venezuela 2763, C1211 Buenos Aires, Argentina"
309,Blondies,$$,16,3.0,,"Colón 242, 1878 Buenos Aires, Argentina"
310,Nucha,$$$,9,3.0,Palermo,"Av. Cerviño 4417, Buenos Aires, Argentina"
311,Dolce Herencia,$$,0,0.0,Villa Pueyrredon,"Gral. José Gervasio Artigas 5401, C1419 Buenos Aires, Argentina"
312,Crisol,,0,0.0,Palermo,"Gral. Lucio Norberto Mansilla 3799, C1425 Buenos Aires, Argentina"
313,Kotroko’s,,2,3.0,Palermo,"Av. Rafael Obligado Costanera S/N, 1426 Buenos Aires, Argentina"
314,Ammo,$$,2,2.5,Nuñez,"Montañeses 2999, Buenos Aires, Argentina"
315,Blend House,,0,0.0,Belgrano,"Mariscal Antonio José de Sucre 2082, C1428DVJ Buenos Aires, Argentina"
316,Del Bosco Cafe,$,0,0.0,Recoleta,"Av. Santa Fe 2653, C1425BGB Buenos Aires, Argentina"
317,El Aleph,$$,8,3.5,Palermo,"Borges 2145 - Palermo, C1425FFC Buenos Aires, Argentina"
318,Ninina,$$,1,3.0,Villa Urquiza,"Holmberg 2464, C1430 Villa Urquiza, Argentina"
319,Crisol,$$,1,4.0,Recoleta,"Av. Pueyrredón 2401, C1119ACH Buenos Aires, Argentina"
320,La Esperanza,$$,15,2.5,Belgrano,"Sucre 1302, 1428 Buenos Aires, Argentina"
321,Miro Cafetín,,2,4.0,Recoleta,"Av. Pueyrredón 1841, C1119 Recoleta, Argentina"
322,Petit Plaisir,$$,5,4.0,,"Rosetti 6273, Ciudad Jardín Lomas de Palomar, Argentina"
323,T-Bone,$$,19,4.5,Palermo,"Armenia 2471, C1425FBI Buenos Aires, Argentina"
324,i Central Market,$$,32,3.5,Puerto Madero,"Macacha Guemes 300, Buenos Aires, Argentina"
325,BA Green,$$,22,3.0,,"HIpólito Yrigoyen 501, B1638 Vicente López, Argentina"
326,Abuela Goye,$$,3,3.5,San Nicolas,"Avenida Presidente Roque Sáenz Peña 616, C1035 Buenos Aires, Argentina"
327,London City,$$,40,4.5,Monserrat,"Av. de Mayo 599, 1084 Buenos Aires, Argentina"
328,Sociedad del Café,$$,0,0.0,Recoleta,"Antonio Beruti 2598, C1425 Buenos Aires, Argentina"
329,Cafe Antaño,,2,3.5,Belgrano,"Vuelta de Obligado 1100, 1426 Buenos Aires, Argentina"
330,Le Blé,$$,13,3.0,Recoleta,"Marcelo T. de Alvear  2199, C1122AAG Buenos Aires, Argentina"
331,Bedford Station,$$,14,3.0,Palermo,"República Arabe Siria 3041, C1425 Buenos Aires, Argentina"
332,Pablos Resto Bar,$$$,9,3.5,Villa Devoto,"Nueva York 4094, C1419HDR Buenos Aires, Argentina"
333,Angélica,,1,2.0,Palermo,"Av. Rafael Obligado 1221, 1425 Buenos Aires, Argentina"
334,Restaurant Jolie Bistro Moderno,$$$,3,3.0,Palermo,"Gorriti 5641, C1414BKE Buenos Aires, Argentina"
335,Le Blé,$$,23,3.0,Chacarita,"Av. Alvarez Thomas 899, 1427 Buenos Aires, Argentina"
336,Oum´s Cafe & Deli,$$,5,3.5,Palermo,"Armenia 1595, Buenos Aires, Argentina"
337,Museo Evita Restaurant,$$$,32,3.5,Palermo,"Juan María Gutiérrez 3926, C1425FAB Buenos Aires, Argentina"
338,Maru Botana,$$,16,3.5,Belgrano,"11 de Septiembre 1772, 1426 Buenos Aires, Argentina"
339,Caffé del Doge,$$,4,4.0,Palermo,"Av. Federico Lacroze 1660, C1426 Buenos Aires, Argentina"
340,Casa Munay,$$,11,4.5,Palermo,"Av. Raúl Scalabrini Ortiz 2018, C1425 Buenos Aires, Argentina"
341,Chungo,$$,1,4.0,Palermo,"Charcas 4399, C1425 Buenos Aires, Argentina"
342,Tea Connection,$$,28,3.5,Belgrano,"Echeverria 2102, 1428 Buenos Aires, Argentina"
343,Negroni,$$,29,4.0,Palermo,"El Salvador  5602, 1414 Buenos Aires, Argentina"
344,Café Registrado,$$,8,4.0,Palermo,"Costa Rica 5901, C1414 Buenos Aires, Argentina"
345,Marina Love,,1,3.0,Palermo,"Nicaragua 4533- Palermo, C1414BVE Buenos Aires, Argentina"
346,Rivière,$$,3,3.5,Puerto Madero,"Juana Manso 1641, Buenos Aires, Argentina"
347,El Ombu de Recoleta,,0,0.0,Recoleta,"Pres. Roberto M. Ortiz 1865, C1113 Buenos Aires, Argentina"
348,Tienda de Café,$$,21,3.5,Recoleta,"Av. Santa Fe 1806, C1123AAN Buenos Aires, Argentina"
349,Novecento,$$$,7,3.5,Palermo,"Báez 199, 1426 Buenos Aires, Argentina"
350,Al Escenario,$$$,0,0.0,Boca,"Gregorio Araoz de Lamadrid 1001, C1166 Buenos Aires, Argentina"
351,El Café de la Esquina,$$,9,4.0,Belgrano,"Av. del Libertador 6196, 1428 Buenos Aires, Argentina"
352,Amelie,$$,2,4.0,,"Tucumán 2115, San Martin, Argentina"
353,Mundo,$$,4,4.5,Balvanera,"Hipolito Yrigoyen 2150, C1045 Buenos Aires, Argentina"
354,Iolo,$$,9,4.0,,"25 de Mayo 107, 1642 San Isidro, Argentina"
355,Il MIgliore,$$,10,4.5,Villa Crespo,"Acevedo 296, 1414 Buenos Aires, Argentina"
356,Club Social Deluxe,$$,9,4.0,Barracas,"Av. Caseros 442, 1152 Buenos Aires, Argentina"
357,Mc Nor,,1,3.0,Palermo,"Av. Gral. las Heras 3899, C1425 Buenos Aires, Argentina"
358,Tobago,$$,8,3.5,Boedo,"Av. San Juan 3897, C1233 Buenos Aires, Argentina"
359,Almacén Purista,$$,51,4.0,Villa Crespo,"Juan Ramírez de Velazco 701, C1414BGQ Buenos Aires, Argentina"
360,Charo,,0,0.0,Palermo,"Av. Raúl Scalabrini Ortiz 1771, C1414DOE Buenos Aires, Argentina"
361,Tips Bakery & More,$$,15,3.5,Recoleta,"Rodríguez Peña 1305, Buenos Aires, Argentina"
362,Don Julio,$$$,227,4.5,Palermo,"Guatemala 4691, C1425BUK Buenos Aires, Argentina"
363,Luna del Sur,,1,3.0,Belgrano,"O'Higgins 2196, C1428 Buenos Aires, Argentina"
364,Cervantes II,$,31,4.0,Balvanera,"Tte Gral Juan Domingo Perón 1883, C1040AAA Buenos Aires, Argentina"
365,Blossom,,0,0.0,,"Av. Maipú 2501, B1636 Buenos Aires, Argentina"
366,Único,$$,8,3.5,Puerto Madero,"Juana Manso 1601, C1107CFA Buenos Aires, Argentina"
367,Dew Blanc,,2,3.0,Floresta,"Campana 628, 1406 Flores, Argentina"
368,Tienda de Café,$$,3,3.5,San Nicolas,"Carlos Pellegrini 341, Buenos Aires, Argentina"
369,Tienda de Café,$,12,3.0,Saavedra,"Av. San Isidro Labrador 4408, 1423 Buenos Aires, Argentina"
370,El Podio,$$,7,4.0,Caballito,"Av. del Barco Centenera 495, C1424 Buenos Aires, Argentina"
371,By Camellia,$,4,4.5,,"J.B. Alberdi 4556, Villa Ballester, Argentina"
372,La Panera Rosa,$$,64,3.5,Palermo,"Costa Rica 4582, C1414 Buenos Aires, Argentina"
373,Coquito,$,16,5.0,,"Belgrano 92, 1642 San Isidro, Argentina"
374,Le Blé,$$,22,3.5,Palermo,"Honduras 4101, C1180ACI Buenos Aires, Argentina"
375,Tres,,0,0.0,Nuñez,"3 de Febrero 2952, C1429 Buenos Aires, Argentina"
376,Saint Honoré,$$,0,0.0,Recoleta,"Peña 2665, C1425AVC Buenos Aires, Argentina"
377,La Percanta,$$$,8,3.5,Puerto Madero,"Aime Paine 1607, Buenos Aires, Argentina"
378,Juana de Oro,,0,0.0,Palermo,"Oro 2899, Buenos Aires, Argentina"
379,Puerta Uno Bar,$$$,50,3.5,Belgrano,"Juramento 1667, Buenos Aires, Argentina"
380,La Farola de Devoto,,1,3.0,Villa Devoto,"Av. Chivilcoy 3856, C1419 Buenos Aires, Argentina"
381,Suca Chocolate Lounge & Coffe,$$,15,4.0,,"Av. del Libertador 15310, Buenos Aires, Argentina"
382,Bartola Classic,$$,25,2.5,Palermo,"Gurruchaga 1806, C1414 Buenos Aires, Argentina"
383,Green Eat,$$,15,3.5,San Nicolas,"Florida 102, C1005 Buenos Aires, Argentina"
384,Bar Mad,$$$,55,3.5,Belgrano,"Av. del Libertador 6002, 1428 Buenos Aires, Argentina"
385,Coffee Town,$$,91,4.0,San Telmo,"Bolívar 976, C1066AAT Buenos Aires, Argentina"
386,Bandol,$$,9,3.5,Nuñez,"Av. Comodoro Rivadavia 1696, C1429DBS Buenos Aires, Argentina"
387,Lobo Cafe,$$$,10,3.5,Puerto Madero,"Pierina Dealessi 1330, Buenos Aires, Argentina"
388,Watson,$$$,5,2.0,Belgrano,"Vuelta de Obligado 2072, C1428 Buenos Aires, Argentina"
389,Primafila,$$$,8,3.5,Recoleta,"Av. Pueyrredón 2501, 1119 Buenos Aires, Argentina"
390,La Guisera,$$,2,4.5,,"Lavalle 535, 1878 Quilmes, Argentina"
391,Bonafide,$,3,3.0,Caballito,"Av. Pedro Goyena 735, Buenos Aires, Argentina"
392,Nelson,$$,49,3.5,Palermo,"Arenales 3359, 1425 Buenos Aires, Argentina"
393,Whoppies,,1,4.0,Colegiales,"Av. Cabildo 1287, C1426 Palermo, Argentina"
394,Deli Bar,,0,0.0,Palermo,"Av. Federico Lacroze 2120, 1426 Buenos Aires, Argentina"
395,Dandy,$$,43,3.5,Palermo,"Av. del Libertador 2410, C1425AAX Buenos Aires, Argentina"
396,Muu Lechería,$$,34,2.0,Belgrano,"Av. del Libertador 6037, C1428 Buenos Aires, Argentina"
397,Tiendas Naturales,$$,20,3.5,Palermo,"República Árabe Siria 3001, C1425 CABA, Argentina"
398,Cusic,$$$,8,4.0,Palermo,"El Salvador 6016, 1616 Buenos Aires, Argentina"
399,Süss Cupcake Café,$$,30,4.0,,"Paunero 2046, 1640 Martínez, Argentina"
400,Club Eros,$$,25,3.5,Palermo,"Uriarte 1609, 1414 Buenos Aires, Argentina"
401,Comité,$$,10,3.5,Palermo,"Gorriti 5902, Buenos Aires, Argentina"
402,Nucha,$$,3,3.5,Caballito,"Cachimayo 395, C1424AQG Buenos Aires, Argentina"
403,Awen Lunch,,1,2.0,San Nicolas,"Parana 706, C1017AAP Buenos Aires, Argentina"
404,Betos Lomito,$$,5,3.5,Caballito,"Av. Rivadavia 5045, Buenos Aires, Argentina"
405,Dulce Despertar,,0,0.0,Villa Urquiza,"Franklin D Roosvelt 5435, C1431 Buenos Aires, Argentina"
406,Chef León,$$,9,3.0,Palermo,"Soldado de la Independencia 1002, 1426 Buenos Aires, Argentina"
407,Le Ble,$$,13,3.5,Boedo,"Av. San Juan 4200, Buenos Aires, Argentina"
408,Janio,$$$,17,3.0,Palermo,"Malabia 1805 Palermo, C1414DMK Buenos Aires, Argentina"
409,BA Green,$$,5,3.0,,"Eduardo Costa 2028, 1640 Buenos Aires, Argentina"
410,Be Frika,$$,44,3.5,Recoleta,"Junin 1350, Buenos Aires, Argentina"
411,Parador Norte,$$,2,3.5,Balvanera,"Riobamba  1295, C1116ABI Buenos Aires, Argentina"
412,Nucha Café,$$,31,3.5,Palermo,"NICARAGUA 6055, Buenos Aires, Argentina"
413,Pantumaca,,0,0.0,Monserrat,"Tacuari 269, C1071 Buenos Aires, Argentina"
414,Havanna,$,7,3.5,Belgrano,"Av. Cabildo 2812, 1428 Buenos Aires, Argentina"
415,Muu Lecheria,$$,107,2.5,Palermo,"Armenia 1810, 1414 Buenos Aires, Argentina"
416,Café Martínez,$$,5,3.0,Villa Del Parque,"Cuenca 3248, Buenos Aires, Argentina"
417,Go In!,$$,20,3.5,Recoleta,"Laprida 1672, 1425 Buenos Aires, Argentina"
418,Marina Love,,1,1.0,Palermo,"Nicaragua 4533, Buenos Aires, Argentina"
419,La Biela,$$,38,3.0,Recoleta,"Av. Pres. Manuel Quintana 600, 1129 Buenos Aires, Argentina"
420,Deltoro,$$,14,3.5,Retiro,"Esmeralda 928, C1007ABL Buenos Aires, Argentina"
421,Trixie American Diner,$$,25,3.5,Palermo,"Costa Salguero, 1425 Palermo, Argentina"
422,Le Blé,$$,15,3.5,Chacarita,"Av. Dorrego 999, C1414CKE Buenos Aires, Argentina"
423,Ronas,,3,1.5,Monserrat,"Av. de Mayo 999, C1084AAE Buenos Aires, Argentina"
424,Brunch,,0,0.0,Recoleta,"Ayacucho 964, Buenos Aires, Argentina"
425,Anita’s,,1,3.0,,"Av. la Plata 3699, B1676 Santos Lugares, Argentina"
426,La Continental,$$,13,3.0,Monserrat,"Avenida de Mayo 1389, C1085 Buenos Aires, Argentina"
427,Frattempo,$$,9,2.5,Recoleta,"Avenida Pueyrredón 1907, Buenos Aires, Argentina"
428,Le Blé,$$,14,3.5,Nuñez,"Manuela Pedraza 2196, C1429 Buenos Aires, Argentina"
429,Chik Café,$$,1,3.0,Nuñez,"11 de Septiembre 3599, C1429 Buenos Aires, Argentina"
430,Bruna,$$$,3,2.5,,"Lasalle 433, B1642 San Isidro, Argentina"
431,Hiboux,$$,1,5.0,Recoleta,"Av. Pueyrredón 2381, C1119ACG Recoleta, Argentina"
432,NYC,,4,1.5,Palermo,"Nicaragua 6002, C1414BWN Buenos Aires, Argentina"
433,Delicity,$$,7,2.5,Recoleta,"Juncal 3100, C1425AYN Buenos Aires, Argentina"
434,Casanova,,2,4.5,,"Mendoza 341, B1708 Morón, Argentina"
435,Barisidro,$$,6,2.0,,"Roque Sáenz Pena 1602, San Isidro, Argentina"
436,Perú Beach,$$,20,4.0,,"Sebastián Elcano 794, Buenos Aires, Argentina"
437,Chabel,,3,4.5,,"Ricardo Gutiérrez 1230, B1636FXH Buenos Aires, Argentina"
438,Seven Eleven,,1,5.0,,"Int. Neyer 2888, B1643 Béccar, Argentina"
439,Il Barista,$$,8,3.0,San Nicolas,"Florida 122, 1005 Buenos Aires, Argentina"
440,La Papelera,$$,5,2.0,Palermo,"Honduras 4925, Buenos Aires, Argentina"
441,Azahares y Canela,$$,6,2.5,Villa Urquiza,"Olazabal 4691, 1431 Buenos Aires, Argentina"
442,Lo de Carlitos,$$,15,3.0,Villa Urquiza,"Olazábal 5001, Buenos Aires, Argentina"
443,Viri Viri,,0,0.0,Palermo,"Nicaragua 5606, 1414 Lobos, Argentina"
444,La Chocolatta Green,$$,6,3.0,,"Moreno 357, C1091 Quilmes, Argentina"
445,Mc Donald’s,$$,5,2.5,Monserrat,"Lima 667, C1073 Buenos Aires, Argentina"
446,Pertutti,$$,25,3.5,Recoleta,"Av. Santa Fe 2020, 1123 Buenos Aires, Argentina"
447,Shanti Cafe,$,2,2.5,,"Justo José de Urquiza 4820, 1678 Caseros, Argentina"
448,De Simone Ramos Generales,$$,6,4.0,,"Gral. Güemes 2302, B1602 Florida, Argentina"
449,Le Pain Quotidien,$$,8,4.0,,"Av. del Libertador 2413, B1636 Olivos, Argentina"
450,Malloy’s,$$,24,3.0,,"Juan Díaz de Solís S/N, 1640 Martinez, Argentina"
451,Casa do Café,$$,1,3.0,Recoleta,"Pueyrredón 2401, 1119 Recoleta, Argentina"
452,Mr. Pedro,$$$$,4,2.5,Palermo,"Soldado de la Independencia 1003, C1426BTM Buenos Aires, Argentina"
453,Bedford Station,,1,4.0,Palermo,"Jorge Newbery 1817, C1426 Palermo, Argentina"
454,Deli’s Tea House,$$,3,3.5,,"Miguel de Azcuénaga 1198, B1638 Vicente López, Argentina"
455,Pauline Boulangerie,$$,20,3.5,,"Rosales 256, 1704 Ramos Mejía, Argentina"
456,Haus,$$,2,3.5,,"José Manuel Estrada 157, 1706 Buenos Aires, Argentina"
457,Adela’s Coffee Bar,$$$,6,3.5,,"Urquiza 4829, Caseros, Argentina"
458,Croque Madame,,0,0.0,,"Arenales 2093, B1640 Buenos Aires, Argentina"
459,1873 Café Encuentro & Restó,,1,4.0,,"Hipólito Yrigoyen 1176, C1617 General Pacheco, Argentina"
460,Estilo Porteño,$,1,2.0,Balvanera,"Riobamba 65, C1025 Ciudad Autónoma de Buenos Aires, Argentina"
461,Muu Lechería,$$,33,2.5,Recoleta,"Vicente López 2056, Buenos Aires, Argentina"
462,Dandy Acasusso,$$$,7,2.5,,"Av. del Libertador 14895, B1641 Acassuso, Argentina"
463,Violeta,,2,3.5,,"Segundo Fernandez 147, 1643 San Isidro, Argentina"
464,Café Naranjos,$$,3,4.5,,"Av. San Martín 502, 1876 Bernal, Argentina"
465,Piacere,$$,11,2.0,Puerto Madero,"Pierina Dalessi 340, Buenos Aires, Argentina"
466,Tierra Que Vuela,,0,0.0,,"Av. San Martin 728, 4618 Ramos Mejía, Argentina"
467,Punto Límite,$$,3,4.5,,"Tte. Gral. Juan Domingo Peron 2277, B1822 Valentín Alsina, Argentina"
468,Clöe Bakehouse,$$,7,4.5,,"Bolívar 501, B1704BKL Ramos Mejía, Argentina"
469,Café Martinez,$,1,3.0,Belgrano,"Av. del Libertador 5799, C1428ARA Ciudad Autónoma de Buenos Aires, Argentina"
470,Salve Bruna,$$,16,3.5,,"Av. Maipú 2209, 1636 Olivos, Argentina"
471,La Vicente López,$$$,15,4.0,,"Miguel de Azcuénaga 1110, B1638 Vicente López, Argentina"
472,Sabores del Mundo,$,7,3.5,,"Ituzaingo 1335, B1824 Lanús Este, Argentina"
473,Almacén Ott Gourmet,$$,1,5.0,,"Eduardo Costa 838, B1641AFH Acasusso, Argentina"
474,Viejo Bunker,,1,4.0,,"9 de Julio 227, Bernal, Argentina"
475,Vicente López Restaurante - Café,$$$$,3,3.0,,"Av. Maipú 707, B1638 Florida, Argentina"
476,Prego,$$,16,4.0,,"9 de Julio 402, 1718 Morón, Argentina"
477,28doce,,1,4.0,,"José Ingenieros 2812, B1643 Béccar, Argentina"
478,Florinda,$$,8,3.5,,"Espora 68, B1704 Ramos Mejía, Argentina"
479,Pinas Deli y Resto,,2,2.5,,"Int. Tomkinson S/N, Béccar, Argentina"
480,Deli Club Acassuso,$,7,4.5,,"Int. Alfaro 101, Acassuso, Argentina"
481,Muu Lecheria,$$,10,2.5,,"Panamá 2602, Martínez, Argentina"
482,Piatti,,2,2.5,,"Av. Maipú 3001, B1636AAK Olivos, Argentina"
483,Victoria’s House,$$,2,3.5,,"Rioja 3053, Olivos, Argentina"
484,Banus,$$,5,4.0,,"Lavalle 522, Quilmes, Argentina"
485,Deli Club,$,7,4.5,,"Lamarca 391, B1640EXA Martínez, Argentina"
486,Salvatore Espresso Dispensa,$,3,3.0,,"Nicolas Videla 246, 1878 Quilmes, Argentina"
487,Bike & Coffee,$$,10,3.5,,"Juan Díaz de Solis 736, 1640 Acassuso, Argentina"
488,La Manzana Bakery & Coffee,$$,3,4.0,,"Las Bases 150, B1706DBB Haedo, Argentina"
489,Barullo,$$,9,3.0,,"Almirante Brown 449, 1878 Quilmes, Argentina"
490,Buena Pinta Club,$$$,3,4.5,,"Av Mitre 461, 1878 Quilmes, Argentina"
491,Almacén del Jazmín,$$,15,3.5,,"Almirante Brown 486, 1878 Quilmes, Argentina"
492,Delicity,$$,3,1.5,,"Cazadores de Coquimbo S/N, B1605EHG Munro, Argentina"
494,Nucha,$$,5,3.5,,"Paraná 3745, B1640FRD Martínez, Argentina"
495,Café Martínez,,1,4.0,,"Brigadier General Juan Manuel de Rosas 3910, B1754 San Justo, Argentina"
496,Lulu Market,$,5,4.0,,"Obispo Terrero 3089, 1642 San Isidro, Argentina"
497,Naná,$$,13,2.5,,"Hipólito Yrigoyen 499, 1638 Vicente López, Argentina"
498,Gluck Cafe,,0,0.0,,"Alvear 469, Martínez, Argentina"
499,Biutiful,$$,2,3.5,,"Paraná 3745, B1640FRE Martínez, Argentina"
500,La Parolaccia,$$$,11,3.5,,"Av. del Libertador 14621, B1641ANC Acassuso, Argentina"
501,Ame Restaurant y Eventos,$$$,5,2.5,,"Necochea 322, Ramos Mejía, Argentina"
502,Tucson Unicenter,$$$,10,3.0,,"Av. Paraná 2475, 1640 Martínez, Argentina"
503,El Ñandú,$$,40,3.5,,"Sebastian Elcano 648, 1640 Acassuso, Argentina"
504,Le Pain Quotidien,$$,2,4.5,,"Av. del Libertador 13702, Martínez, Argentina"
